file	bitmap	ring_px	off_x%	off_y%	bbox_aspect	bbox/bitmap_aspect	L%	R%	T%	B%
docs/diag/2026-05-07-evidence/A/widget-cells-no-pluto/a/render_1778117086134_485x787__surface_widget_offsetY_0.0_tilt_0.0_labels_on_pluto_off.png	485x787	8457	-0.03	-13.45	1.488	2.414	100	99.6	66.2	16.4
docs/diag/2026-05-07-evidence/A/widget-cells-no-pluto/b/render_1778117302548_660x1074__surface_widget_offsetY_0.0_tilt_0.0_labels_on_pluto_off.png	660x1074	9856	-0.6	-13.63	1.49	2.424	100	99.7	66.1	16.2
docs/diag/2026-05-07-evidence/A/widget-cells-no-pluto/b/render_1778117304338_1010x1360__surface_widget_offsetY_0.0_tilt_0.0_labels_on_pluto_off.png	1010x1360	15098	-0.68	-13.54	1.494	2.012	100	99.8	74.4	24.9
docs/diag/2026-05-07-evidence/A/widget-cells-no-pluto/b/render_1778117305646_1010x1648__surface_widget_offsetY_0.0_tilt_0.0_labels_on_pluto_off.png	1010x1648	18434	-0.54	-13.12	1.492	2.434	100	99.8	65.9	16.1
docs/diag/2026-05-07-evidence/A/widget-cells-no-pluto/b/render_1778117307534_1185x1648__surface_widget_offsetY_0.0_tilt_0.0_labels_on_pluto_off.png	1185x1648	21832	-0.35	-13.19	1.492	2.076	100	99.8	72.9	23.3
docs/diag/2026-05-07-evidence/A/widget-cells-no-pluto/b/render_1778117308613_1185x1935__surface_widget_offsetY_0.0_tilt_0.0_labels_on_pluto_off.png	1185x1935	17528	-0.43	-13.21	1.494	2.44	100	99.8	65.8	16.1
docs/diag/2026-05-07-evidence/A/widget-cells-no-pluto/c/render_1778117392259_1185x1648__surface_widget_offsetY_0.0_tilt_0.0_labels_on_pluto_off.png	1185x1648	21832	-0.35	-13.19	1.492	2.076	100	99.8	72.9	23.3
docs/diag/2026-05-07-evidence/A/widget-cells-no-pluto/c/render_1778117395051_1185x1074__surface_widget_offsetY_0.0_tilt_0.0_labels_on_pluto_off.png	1185x1074	15994	-0.18	-13.38	1.648	1.494	100	99.8	91.4	42.3
docs/diag/2026-05-07-evidence/A/widget-cells-no-pluto/c/render_1778117395420_1185x1360__surface_widget_offsetY_0.0_tilt_0.0_labels_on_pluto_off.png	1185x1360	17892	-0.35	-13.59	1.494	1.715	100	99.8	82.9	33.5
docs/diag/2026-05-07-evidence/A/widget-cells-no-pluto/c/render_1778117396588_1185x787__surface_widget_offsetY_0.0_tilt_0.0_labels_on_pluto_off.png	1185x787	14347	-0.01	-13.71	2.244	1.491	100	99.8	91.6	42.3
docs/diag/2026-05-07-evidence/A/widget-cells/r1/render_1778116079978_1010x1360__surface_widget_offsetY_0.0_tilt_0.0_labels_on_pluto_on.png	1010x1360	16818	-0.45	-12.88	1.494	2.012	100	99.8	73.4	25.9
docs/diag/2026-05-07-evidence/A/widget-cells/r1/render_1778116081164_835x1074__surface_widget_offsetY_0.0_tilt_0.0_labels_on_pluto_on.png	835x1074	13730	0	-12.95	1.494	1.921	100	99.8	75.6	28.3
docs/diag/2026-05-07-evidence/A/widget-cells/r1/render_1778116083290_1185x1935__surface_widget_offsetY_0.0_tilt_0.0_labels_on_pluto_on.png	1185x1935	19243	-0.73	-12.84	1.498	2.446	100	99.8	65	16.7
docs/diag/2026-05-07-evidence/A/widget-cells/r1/render_1778116084674_1185x1935__surface_widget_offsetY_0.0_tilt_0.0_labels_on_pluto_on.png	1185x1935	19243	-0.73	-12.84	1.498	2.446	100	99.8	65	16.7
docs/diag/2026-05-07-evidence/A/widget-cells/r2/render_1778116184283_1185x1935__surface_widget_offsetY_0.0_tilt_0.0_labels_on_pluto_on.png	1185x1935	19244	-0.73	-12.84	1.498	2.446	100	99.8	65	16.7
docs/diag/2026-05-07-evidence/A/widget-cells/r2/render_1778116216531_1185x1648__surface_widget_offsetY_0.0_tilt_0.0_labels_on_pluto_on.png	1185x1648	24268	-0.45	-12.7	1.494	2.078	100	99.8	71.8	24.3
docs/diag/2026-05-07-evidence/A/widget-cells/r2/render_1778116219920_1185x787__surface_widget_offsetY_0.0_tilt_0.0_labels_on_pluto_on.png	1185x787	16129	0.06	-12.91	2.24	1.488	100	99.8	89.8	44.3
docs/diag/2026-05-07-evidence/A/widget-cells/r2/render_1778116220022_1185x1074__surface_widget_offsetY_0.0_tilt_0.0_labels_on_pluto_on.png	1185x1074	17712	-0.84	-12.39	1.644	1.49	100	99.8	89.8	44.3
docs/diag/2026-05-07-evidence/A/widget-cells/r2/render_1778116221668_1185x1360__surface_widget_offsetY_0.0_tilt_0.0_labels_on_pluto_on.png	1185x1360	19667	-0.74	-12.89	1.494	1.715	100	99.8	81.5	35
docs/diag/2026-05-07-evidence/A/widget-cells/r3/render_1778116289409_1010x787__surface_widget_offsetY_0.0_tilt_0.0_labels_on_pluto_on.png	1010x787	16091	-0.28	-12.93	1.909	1.488	100	99.8	89.8	44.3
docs/diag/2026-05-07-evidence/A/widget-cells/r3/render_1778116290881_835x787__surface_widget_offsetY_0.0_tilt_0.0_labels_on_pluto_on.png	835x787	16077	-0.33	-12.84	1.578	1.488	100	99.8	89.8	44.3
docs/diag/2026-05-07-evidence/A/widget-cells/r4/render_1778116364858_1010x1074__surface_widget_offsetY_0.0_tilt_0.0_labels_on_pluto_on.png	1010x1074	16654	-0.39	-13.06	1.494	1.589	100	99.8	85.8	39.9
docs/diag/2026-05-07-evidence/A/widget-cells/r4/render_1778116367324_1185x1648__surface_widget_offsetY_0.0_tilt_0.0_labels_on_pluto_on.png	1185x1648	24269	-0.45	-12.7	1.494	2.078	100	99.8	71.8	24.3
docs/diag/2026-05-07-evidence/A/widget-cells/r4/render_1778116369128_1185x1935__surface_widget_offsetY_0.0_tilt_0.0_labels_on_pluto_on.png	1185x1935	19242	-0.73	-12.84	1.498	2.446	100	99.8	65	16.7
docs/diag/2026-05-07-evidence/A/widget-cells/r4/render_1778116370523_1010x1360__surface_widget_offsetY_0.0_tilt_0.0_labels_on_pluto_on.png	1010x1360	16820	-0.46	-12.88	1.494	2.012	100	99.8	73.4	25.9
docs/diag/2026-05-07-evidence/A/widget-cells/r5/render_1778116717394_1010x1648__surface_widget_offsetY_0.0_tilt_0.0_labels_on_pluto_on.png	1010x1648	20577	-0.66	-12.72	1.496	2.441	100	99.8	65	16.7
docs/diag/2026-05-07-evidence/A/widget-cells/r5/render_1778116719382_835x1360__surface_widget_offsetY_0.0_tilt_0.0_labels_on_pluto_on.png	835x1360	13888	-0.22	-13.03	1.496	2.437	100	99.8	65.1	16.8
docs/diag/2026-05-07-evidence/A/widget-cells/r5/render_1778116723038_660x1074__surface_widget_offsetY_0.0_tilt_0.0_labels_on_pluto_on.png	660x1074	11001	-0.18	-13.1	1.493	2.43	100	99.7	65.2	16.9
docs/diag/2026-05-07-evidence/A/widget-cells/r5/render_1778116723092_485x787__surface_widget_offsetY_0.0_tilt_0.0_labels_on_pluto_on.png	485x787	9285	-0.66	-12.7	1.492	2.422	100	99.6	65.4	16.9
docs/diag/2026-05-07-evidence/A/widget-cells/r5/render_1778116777754_485x787__surface_widget_offsetY_0.0_tilt_0.0_labels_on_pluto_on.png	485x787	9285	-0.66	-12.7	1.492	2.422	100	99.6	65.4	16.9
